,teaching,international,research,citations,income,scores,clusters,cluster
0,99.7,72.4,98.7,98.8,34.5,96.1,1,pink
1,97.7,54.6,98.0,99.9,83.7,96.0,1,pink
2,97.8,82.3,91.4,99.9,87.5,95.6,1,pink
3,98.3,29.5,98.1,99.2,64.3,94.3,1,pink
5,90.5,77.7,94.1,94.0,57.0,91.2,1,pink
6,88.2,77.2,93.9,95.1,73.5,91.2,1,pink
8,89.2,90.0,94.5,88.3,92.9,90.6,1,pink
12,80.9,58.5,89.2,92.3,100.0,86.4,1,pink
13,82.2,62.4,88.8,88.1,34.7,83.9,1,pink
15,83.9,53.3,89.1,84.1,59.6,83.4,1,pink
18,71.8,32.9,82.7,93.6,43.7,79.5,1,pink
19,70.3,39.1,79.3,95.7,53.7,79.3,1,pink
20,68.4,91.4,71.4,96.1,56.5,79.2,1,pink
21,74.0,90.8,81.6,80.6,39.0,78.4,1,pink
22,68.2,49.0,77.1,95.9,32.8,78.0,1,pink
23,66.8,49.4,71.5,92.3,100.0,76.5,2,purple
26,67.9,73.2,72.6,83.2,95.1,75.3,1,pink
27,69.5,32.6,62.5,96.5,100.0,75.1,2,purple
28,56.6,64.3,68.0,98.8,89.8,75.0,1,pink
29,65.1,93.3,74.8,80.3,42.6,73.8,1,pink
30,70.9,21.5,75.1,85.0,50.2,73.8,1,pink
31,59.8,31.6,76.3,90.8,51.8,73.2,1,pink
33,65.5,97.8,72.6,78.7,40.5,72.9,1,pink
35,58.7,88.0,69.2,83.3,47.7,71.0,1,pink
36,76.4,68.6,61.3,72.2,98.6,70.7,2,purple
39,59.9,67.3,61.9,86.8,42.2,69.2,1,pink
40,50.4,97.4,51.8,98.2,64.1,69.0,0,light pink
41,66.8,44.9,48.2,95.7,30.7,68.6,3,black
44,57.3,44.5,55.9,92.5,31.7,67.0,3,black
46,57.4,31.2,50.6,99.1,29.2,66.9,3,black
47,55.0,100.0,56.1,83.8,38.0,66.5,0,light pink
50,64.9,22.1,59.5,78.1,84.2,65.9,2,purple
53,57.3,60.5,70.7,68.8,48.0,65.0,1,pink
55,61.3,22.6,72.6,67.9,53.9,64.7,3,black
56,78.9,18.4,77.7,46.3,67.1,64.6,2,purple
57,74.9,43.0,66.6,52.7,97.8,64.2,2,purple
58,53.6,38.1,51.9,91.4,29.6,64.0,3,black
61,59.1,43.1,57.5,76.4,40.4,63.0,3,black
63,58.5,25.2,58.3,78.3,37.9,62.7,3,black
67,49.6,67.2,53.1,80.9,36.2,61.4,0,light pink
70,49.8,89.6,61.9,64.3,90.8,61.2,2,purple
72,46.5,87.5,38.8,90.5,52.7,60.7,0,light pink
75,47.7,84.2,45.3,84.4,31.6,60.3,0,light pink
76,48.5,85.9,54.5,72.1,44.1,59.7,0,light pink
78,71.3,36.7,63.4,45.5,100.0,59.5,2,purple
79,42.4,72.8,42.4,91.6,29.1,59.5,0,light pink
80,51.8,74.2,53.4,69.0,57.1,59.1,0,light pink
81,47.9,66.6,46.2,81.9,36.2,59.1,0,light pink
82,59.2,63.4,47.5,70.3,39.1,59.0,0,light pink
84,39.8,65.7,44.1,91.0,33.9,58.9,0,light pink
85,62.4,99.5,56.2,51.6,38.4,58.3,0,light pink
86,56.5,79.1,56.2,59.2,39.0,58.0,0,light pink
87,37.7,92.9,36.2,93.2,30.5,57.9,0,light pink
88,46.3,56.8,60.8,67.6,33.2,57.8,3,black
89,50.8,69.0,47.8,72.9,37.7,57.7,0,light pink
90,56.6,87.9,47.0,65.0,43.8,57.7,0,light pink
95,52.4,21.9,52.2,70.1,84.2,57.3,2,purple
96,50.2,91.3,37.1,78.3,45.8,57.3,0,light pink
99,51.1,37.6,34.4,88.8,26.1,57.0,3,black
101,49.0,24.2,51.4,75.4,30.2,56.6,3,black
102,44.8,85.7,47.7,72.9,32.6,56.5,0,light pink
106,52.2,34.1,52.6,66.9,50.2,56.1,3,black
108,46.3,19.9,49.2,77.6,44.0,56.0,3,black
109,62.3,44.9,54.1,54.6,43.0,56.0,3,black
110,32.9,71.8,32.5,97.6,26.7,55.6,0,light pink
111,34.3,47.7,36.1,95.7,32.4,55.4,3,black
112,62.9,24.8,63.4,45.5,60.5,55.4,3,black
113,55.4,44.9,51.7,56.9,99.8,55.3,2,purple
114,50.3,29.2,59.0,61.6,35.7,55.2,3,black
116,38.6,63.0,47.4,78.3,30.5,55.1,0,light pink
117,46.6,95.7,49.7,63.1,32.7,55.0,0,light pink
118,57.7,29.6,62.9,45.2,97.7,54.8,2,purple
119,52.2,50.2,46.2,66.0,43.4,54.6,3,black
120,39.7,91.0,44.1,73.5,38.9,54.6,0,light pink
122,46.2,64.0,46.9,64.6,95.5,54.5,2,purple
123,52.8,24.7,59.1,52.8,97.1,54.4,2,purple
124,43.5,73.8,41.9,74.9,28.8,54.4,0,light pink
125,47.3,40.0,54.9,59.3,100.0,54.4,2,purple
126,53.7,71.6,58.0,49.7,44.5,54.3,0,light pink
127,45.6,55.1,50.3,65.1,61.0,54.2,3,black
129,61.7,20.1,63.4,40.0,73.4,53.4,2,purple
131,60.3,20.1,62.5,41.2,82.3,53.3,2,purple
132,52.4,46.2,41.4,64.3,79.8,53.3,2,purple
134,39.9,66.6,42.1,73.1,41.5,52.7,0,light pink
135,43.1,84.1,50.5,59.1,42.5,52.6,0,light pink
136,48.9,62.7,49.2,58.4,40.3,52.5,0,light pink
138,47.6,30.6,51.6,58.5,81.4,52.3,2,purple
139,51.9,30.7,37.2,71.5,26.4,52.2,3,black
140,34.1,54.4,41.0,79.3,49.3,52.2,3,black
141,34.1,22.3,33.7,91.9,30.0,52.1,3,black
142,43.4,52.6,53.0,58.8,55.3,52.0,3,black
144,34.8,94.3,39.2,71.8,61.1,51.8,0,light pink
145,50.3,73.8,50.7,52.1,34.8,51.8,0,light pink
146,29.5,19.3,28.0,99.8,36.0,51.6,3,black
147,49.6,77.9,62.2,40.7,39.5,51.6,0,light pink
148,39.4,82.9,45.7,62.4,57.2,51.4,0,light pink
149,37.8,86.1,45.2,64.6,47.0,51.4,0,light pink
150,55.5,47.4,67.7,29.0,99.4,51.3,2,purple
151,41.2,88.5,35.8,70.6,27.4,51.2,0,light pink
152,42.7,80.5,42.8,63.6,31.1,51.2,0,light pink
153,49.5,70.7,48.9,51.2,60.0,51.2,0,light pink
154,35.0,44.1,33.0,84.7,40.0,51.1,3,black
156,49.3,23.2,49.6,58.2,49.6,51.0,3,black
157,67.3,16.3,41.7,48.9,50.1,50.7,3,black
159,38.4,16.8,51.9,61.3,100.0,50.4,2,purple
162,46.1,21.3,50.6,58.9,37.5,50.2,3,black
164,42.5,38.2,49.2,60.2,38.8,50.0,3,black
165,40.8,59.8,47.8,59.6,40.6,50.0,0,light pink
166,38.1,33.4,55.6,57.3,61.5,49.9,3,black
167,46.2,50.0,48.0,55.6,38.3,49.8,3,black
169,41.7,35.5,56.4,54.1,34.2,49.7,3,black
170,46.2,29.3,34.7,70.2,41.2,49.6,3,black
171,39.2,56.1,37.3,69.5,41.6,49.4,3,black
173,43.6,96.3,51.7,45.0,40.0,49.0,0,light pink
174,42.1,62.8,40.4,62.8,29.7,49.0,0,light pink
175,46.8,74.8,44.1,52.5,38.4,49.0,0,light pink
176,44.1,45.8,45.7,58.3,26.1,48.8,3,black
177,50.9,46.1,44.5,52.0,27.8,48.5,3,black
178,39.4,87.1,38.8,60.5,40.8,48.5,0,light pink
179,46.8,46.8,33.8,65.3,29.4,48.5,3,black
180,53.2,57.9,54.4,32.9,98.7,48.3,2,purple
181,50.0,63.8,42.5,48.9,56.6,48.2,0,light pink
182,39.5,27.2,39.5,66.4,43.9,47.7,3,black
183,40.4,62.8,42.5,57.9,32.2,47.6,0,light pink
184,49.9,62.4,48.3,42.0,49.8,47.5,0,light pink
186,45.0,47.3,35.4,60.7,40.0,47.2,3,black
187,37.9,99.5,34.8,60.2,35.0,47.2,0,light pink
188,45.9,57.8,36.3,57.3,32.3,47.0,0,light pink
189,45.0,60.6,35.9,58.2,27.4,46.9,0,light pink
190,43.6,18.9,40.4,61.5,32.5,46.9,3,black
191,43.0,28.0,48.7,52.2,40.4,46.9,3,black
193,49.1,64.2,56.2,29.2,100.0,46.8,2,purple
194,47.6,63.2,45.7,45.6,27.0,46.7,0,light pink
195,33.5,15.9,33.3,76.8,26.3,46.5,3,black
197,54.6,29.6,41.3,44.3,70.3,46.4,2,purple
198,32.9,51.9,44.2,60.2,37.9,46.2,3,black
200,95.7,56.0,98.2,99.9,97.0,94.8,1,pink
201,95.8,67.5,97.4,99.8,35.9,93.9,1,pink
202,94.8,57.2,98.9,99.8,63.8,93.9,1,pink
203,89.5,91.9,96.6,97.9,62.1,93.6,1,pink
204,91.5,49.6,99.1,100.0,81.0,92.9,1,pink
205,90.5,85.3,94.2,97.3,55.5,92.4,1,pink
206,92.7,79.2,87.4,100.0,94.4,92.3,1,pink
207,88.8,92.2,88.7,93.9,93.1,90.7,1,pink
209,82.8,50.4,99.4,99.4,62.5,89.8,1,pink
210,92.3,55.5,91.2,96.7,34.7,89.1,1,pink
213,78.9,59.9,86.5,97.3,100.0,85.8,1,pink
215,87.0,34.3,86.1,97.9,41.9,84.9,1,pink
216,77.8,91.8,84.3,89.0,41.4,83.2,1,pink
217,75.4,47.2,90.0,94.3,53.3,82.8,1,pink
218,76.9,69.0,87.4,86.5,44.9,81.6,1,pink
220,65.7,55.0,79.5,97.4,60.7,78.4,1,pink
221,62.6,46.9,77.9,97.4,100.0,77.4,1,pink
222,68.6,88.7,78.6,85.2,40.6,77.4,1,pink
223,66.6,65.0,73.8,91.9,99.2,77.0,1,pink
224,70.8,36.9,74.0,98.2,31.8,76.5,1,pink
225,66.3,35.3,75.5,98.6,56.6,76.2,1,pink
226,74.3,23.8,77.3,90.6,55.3,75.8,1,pink
227,72.8,81.4,78.4,77.1,35.1,75.5,1,pink
228,69.5,38.8,76.1,89.6,57.7,74.9,1,pink
229,86.1,23.0,80.3,69.1,76.6,74.3,1,pink
231,69.9,82.0,73.8,73.1,78.5,73.1,1,pink
232,61.4,31.5,72.0,97.8,51.8,73.0,1,pink
233,74.0,83.7,80.1,60.5,64.1,72.3,1,pink
234,55.0,52.6,65.3,99.9,85.0,72.1,2,purple
235,63.0,79.8,61.4,92.3,41.3,72.0,1,pink
236,62.2,82.5,72.4,80.7,44.4,71.9,1,pink
237,62.8,93.8,75.1,72.6,41.7,71.2,1,pink
238,68.0,51.4,68.7,83.4,52.5,71.2,1,pink
239,65.7,93.0,79.0,63.4,60.7,70.9,1,pink
242,67.6,20.2,62.6,92.6,35.5,69.3,3,black
243,60.2,38.1,65.4,92.3,30.9,69.0,3,black
244,63.8,54.3,59.9,84.6,40.7,67.6,3,black
245,53.1,98.9,43.9,95.3,46.7,66.3,0,light pink
246,66.4,96.0,75.4,50.6,41.1,66.0,1,pink
247,59.0,80.4,61.1,75.6,37.7,65.7,0,light pink
248,59.8,33.4,53.6,93.9,34.9,65.6,3,black
249,82.3,51.7,64.1,51.0,99.9,65.6,2,purple
250,53.5,29.5,66.7,83.4,61.6,64.9,3,black
251,76.4,21.1,72.0,56.3,71.7,64.8,2,purple
252,56.4,25.0,51.9,92.3,100.0,64.6,2,purple
253,60.7,37.2,46.2,95.6,27.6,64.2,3,black
254,65.8,41.1,48.7,80.2,99.3,64.0,2,purple
255,49.8,90.0,54.2,80.9,40.8,63.2,0,light pink
256,61.8,42.2,56.2,77.5,49.9,63.0,3,black
257,55.4,88.1,65.7,57.2,92.1,62.4,2,purple
258,54.3,26.5,53.9,88.7,37.5,62.0,3,black
259,56.6,66.2,33.5,96.4,44.7,62.0,0,light pink
260,56.7,87.4,45.9,78.4,43.5,61.9,0,light pink
261,51.0,80.1,58.6,71.0,59.0,61.7,0,light pink
262,50.4,86.1,38.8,89.1,63.0,61.5,0,light pink
263,54.0,27.3,58.3,80.1,53.2,61.1,3,black
264,41.9,72.0,49.9,85.5,97.5,61.0,2,purple
265,44.2,73.7,47.7,89.9,34.8,60.9,0,light pink
266,52.5,56.7,64.7,63.0,99.9,60.8,2,purple
267,42.8,58.1,53.2,85.7,59.3,60.4,3,black
268,51.4,48.0,50.9,84.1,32.7,60.3,3,black
269,52.1,26.8,47.6,86.8,64.4,59.6,3,black
270,74.1,33.4,70.1,37.4,99.8,59.5,2,purple
271,45.9,39.7,38.0,99.9,36.2,59.0,3,black
272,57.1,62.3,41.5,78.5,37.6,58.7,0,light pink
273,47.5,80.8,52.3,70.2,62.6,58.6,0,light pink
274,48.4,37.3,39.8,90.9,34.4,57.4,3,black
275,50.1,75.9,47.6,66.3,100.0,57.4,2,purple
276,45.8,41.3,37.4,94.5,35.4,57.3,3,black
278,45.4,54.4,55.3,71.7,48.6,57.0,3,black
279,40.4,61.2,58.5,72.8,32.6,56.9,0,light pink
281,47.0,45.7,33.5,94.5,36.4,56.8,3,black
282,32.5,75.8,37.9,96.2,30.5,56.4,0,light pink
283,56.3,66.7,30.5,81.1,26.2,56.0,0,light pink
284,37.1,89.1,40.2,83.0,34.1,55.7,0,light pink
285,36.2,36.3,42.3,93.5,45.6,55.4,3,black
286,47.2,59.1,65.1,53.3,43.4,55.2,3,black
287,50.0,65.2,37.1,76.3,47.2,55.1,0,light pink
288,42.6,33.1,36.2,94.1,27.3,55.0,3,black
290,39.3,46.8,54.2,75.1,28.9,54.8,3,black
291,41.7,56.4,54.7,68.3,42.5,54.7,3,black
293,64.2,29.3,54.6,47.1,100.0,54.5,2,purple
294,41.1,35.3,43.6,85.8,28.5,54.5,3,black
295,47.4,34.0,49.6,73.6,28.0,54.4,3,black
296,45.1,28.4,43.0,78.3,86.0,54.2,2,purple
298,30.6,79.8,34.8,92.0,28.1,53.9,0,light pink
299,50.6,71.9,54.4,51.7,53.7,53.7,0,light pink
300,44.6,68.2,46.0,67.5,40.2,53.6,0,light pink
301,37.5,68.1,41.0,77.5,61.4,53.4,0,light pink
302,34.3,73.9,41.1,75.3,97.5,53.2,2,purple
303,53.5,71.3,66.1,31.2,100.0,53.1,2,purple
304,54.5,79.5,47.0,48.7,81.3,53.1,2,purple
305,41.1,47.3,52.2,63.4,97.8,53.0,2,purple
306,28.6,93.3,24.1,98.2,25.9,52.9,0,light pink
307,56.0,24.9,58.9,49.5,66.3,52.8,2,purple
309,28.5,29.8,36.6,99.9,29.5,52.5,3,black
310,38.9,92.4,21.9,86.0,48.6,52.2,0,light pink
311,43.0,77.6,34.6,73.5,38.2,52.1,0,light pink
313,37.7,56.5,28.7,88.3,29.2,51.4,3,black
314,35.6,67.3,48.0,62.1,100.0,51.3,2,purple
315,27.5,86.7,40.4,77.8,40.3,51.2,0,light pink
316,40.5,75.8,48.5,57.1,62.2,51.1,0,light pink
317,30.3,89.4,23.5,91.7,29.7,51.1,0,light pink
318,61.8,21.1,56.5,40.0,75.0,51.0,2,purple
319,57.7,25.6,55.7,42.9,78.9,50.8,2,purple
320,47.7,53.0,56.4,48.4,25.0,50.4,3,black
321,36.7,72.7,38.8,71.6,33.9,50.4,0,light pink
323,64.6,16.3,50.8,44.0,42.6,50.1,3,black
324,30.7,69.3,49.0,64.0,67.0,50.0,0,light pink
326,38.2,26.1,39.0,80.3,28.7,49.9,3,black
327,29.0,88.8,28.6,83.7,36.6,49.9,0,light pink
328,35.6,78.3,35.5,72.5,39.3,49.9,0,light pink
329,34.9,97.5,39.0,65.1,32.7,49.8,0,light pink
330,32.6,78.6,35.7,75.4,27.5,49.7,0,light pink
331,25.0,48.8,36.0,90.2,26.8,49.7,3,black
332,44.6,64.8,43.9,57.1,36.4,49.5,0,light pink
333,32.4,47.3,52.4,62.4,59.9,49.2,3,black
335,37.8,74.8,31.6,72.1,37.0,49.0,0,light pink
336,37.0,26.4,42.2,74.7,34.7,49.0,3,black
338,49.5,86.6,41.2,45.2,25.4,47.9,0,light pink
339,40.2,72.6,40.0,57.6,36.7,47.7,0,light pink
341,35.3,58.8,21.4,85.1,25.1,47.6,0,light pink
342,27.8,30.0,30.9,89.6,31.0,47.5,3,black
343,31.7,32.7,40.4,73.6,49.0,47.4,3,black
344,26.5,68.5,26.1,85.6,28.0,47.3,0,light pink
345,34.2,76.2,28.4,72.2,32.3,47.0,0,light pink
346,40.0,19.7,18.9,90.7,27.0,47.0,3,black
347,42.6,70.3,42.6,50.6,36.0,46.9,0,light pink
348,25.9,85.3,25.8,80.8,25.1,46.8,0,light pink
349,25.3,40.3,27.3,90.2,33.7,46.7,3,black
350,47.0,69.5,50.2,37.8,36.4,46.6,0,light pink
351,46.3,62.1,48.5,42.5,30.6,46.6,0,light pink
352,30.6,84.8,32.2,67.7,44.4,46.6,0,light pink
353,47.8,20.7,58.5,39.2,40.0,46.2,3,black
355,31.3,73.4,33.3,67.8,35.4,46.1,0,light pink
356,28.8,65.0,27.2,77.4,45.0,46.0,0,light pink
357,39.7,85.5,44.5,45.0,31.3,46.0,0,light pink
358,27.7,52.3,43.8,65.5,33.1,45.9,3,black
359,25.2,83.2,23.7,80.5,32.3,45.9,0,light pink
360,30.4,48.0,35.3,70.2,63.2,45.9,3,black
361,43.9,23.9,38.9,56.6,87.8,45.8,2,purple
362,36.4,17.2,21.6,86.1,49.1,45.8,3,black
363,42.3,36.0,51.8,45.7,43.8,45.7,3,black
364,36.9,75.1,38.6,55.4,31.6,45.7,0,light pink
365,47.3,30.1,60.7,33.0,35.0,45.4,3,black
366,53.3,27.2,43.9,43.3,38.6,45.2,3,black
367,36.1,67.1,25.1,67.2,61.8,45.1,0,light pink
368,41.4,89.8,47.8,34.5,44.4,45.0,0,light pink
370,29.2,72.5,34.7,65.5,30.8,45.0,0,light pink
372,39.7,65.0,36.1,49.3,87.5,44.6,2,purple
373,28.3,92.9,35.0,55.7,76.6,44.6,0,light pink
374,36.1,85.1,40.2,46.8,53.1,44.6,0,light pink
375,20.8,62.5,20.1,87.1,55.3,44.5,0,light pink
376,16.8,70.5,31.5,79.2,26.8,44.2,0,light pink
377,31.9,65.2,24.1,66.8,95.7,44.1,2,purple
378,61.7,22.9,58.0,18.8,33.3,44.1,3,black
379,26.4,29.8,37.2,66.7,98.0,43.8,2,purple
380,30.5,57.6,21.7,75.1,42.4,43.6,0,light pink
381,34.8,73.1,33.5,55.6,37.1,43.6,0,light pink
382,33.5,63.9,36.9,56.6,29.0,43.6,0,light pink
383,32.8,28.3,30.1,70.4,49.2,43.4,3,black
384,38.9,49.6,34.8,54.8,36.9,43.2,3,black
385,23.4,54.3,16.1,87.6,37.6,43.1,0,light pink
386,40.9,82.1,39.5,34.1,100.0,43.0,2,purple
387,34.4,58.1,24.1,67.6,31.0,43.0,0,light pink
388,35.7,55.6,18.7,67.8,81.8,42.9,2,purple
389,32.1,90.0,35.8,47.8,58.7,42.9,0,light pink
390,29.0,73.5,26.6,65.2,42.1,42.8,0,light pink
391,38.9,14.8,23.5,73.6,29.7,42.7,3,black
392,30.2,61.6,35.0,57.4,50.1,42.6,0,light pink
393,29.0,63.7,29.7,62.8,49.9,42.5,0,light pink
394,26.5,41.4,18.9,83.5,24.2,42.4,3,black
395,34.6,64.9,19.6,65.5,35.6,41.6,0,light pink
396,49.0,32.1,14.2,63.5,40.7,41.5,3,black
398,27.6,84.9,30.3,56.3,34.4,41.5,0,light pink
399,32.9,56.2,30.4,54.4,76.8,41.4,2,purple
602,96.3,59.8,99.4,99.7,95.6,95.5,1,pink
603,95.0,56.6,98.8,99.3,62.4,93.7,1,pink
604,89.7,88.7,98.1,95.6,79.8,93.7,1,pink
605,94.9,63.7,98.6,99.2,39.9,93.6,1,pink
606,92.9,81.6,89.2,99.9,92.9,93.1,1,pink
607,89.5,54.5,99.4,99.8,79.5,92.7,1,pink
608,91.2,83.6,95.6,96.2,59.1,92.6,1,pink
609,88.0,91.4,90.9,93.0,87.5,90.6,1,pink
610,85.1,49.7,99.3,99.3,65.4,90.5,1,pink
612,93.2,54.7,92.5,94.8,38.2,89.2,1,pink
616,90.0,38.1,89.4,96.2,43.7,86.6,1,pink
617,81.8,57.3,85.5,95.3,100.0,85.6,1,pink
618,83.5,89.0,88.8,86.8,45.1,85.5,1,pink
619,77.0,53.8,92.1,91.8,39.5,83.3,1,pink
620,77.6,33.8,87.3,98.2,64.4,83.1,1,pink
621,76.1,47.6,91.4,91.6,53.9,82.6,1,pink
622,79.6,65.1,89.4,85.1,42.9,82.2,1,pink
623,71.8,51.4,87.0,95.5,55.9,81.5,1,pink
624,72.3,45.8,81.5,97.0,100.0,81.2,1,pink
625,74.7,39.1,81.3,97.0,41.3,79.9,1,pink
626,70.2,66.3,79.5,90.3,74.9,78.8,1,pink
627,75.5,42.1,80.7,91.0,57.9,78.8,1,pink
628,87.9,27.6,89.9,71.3,59.0,78.3,1,pink
629,68.4,77.2,82.5,83.7,67.6,77.9,1,pink
630,74.4,92.3,87.2,67.2,77.4,77.5,1,pink
631,69.1,82.1,80.4,84.0,42.4,77.3,1,pink
632,76.1,29.8,80.1,88.2,54.8,76.9,1,pink
633,68.4,78.9,71.3,90.8,43.8,76.1,1,pink
635,74.4,75.9,80.4,75.2,40.3,75.7,1,pink
636,56.1,58.3,73.5,99.4,100.0,75.6,2,purple
637,78.4,81.7,85.9,62.1,62.5,75.6,1,pink
638,68.6,90.0,83.5,73.5,39.6,75.4,1,pink
639,63.4,34.2,79.0,96.2,43.9,75.2,1,pink
640,70.8,87.2,80.8,66.5,42.9,73.1,1,pink
641,62.4,98.8,57.0,95.0,49.8,73.0,1,pink
642,73.8,38.7,67.4,89.2,29.5,72.8,1,pink
643,66.3,64.5,75.7,77.3,71.4,72.4,1,pink
644,70.4,32.9,69.3,90.1,40.0,72.4,1,pink
645,67.9,51.7,71.6,82.7,52.5,71.8,1,pink
647,81.5,54.1,67.9,64.3,99.9,70.7,2,purple
649,65.4,54.7,66.5,85.5,42.0,70.4,1,pink
650,65.9,77.9,67.7,76.9,43.2,70.1,1,pink
651,63.9,28.8,63.9,88.2,100.0,69.4,2,purple
652,63.7,36.9,60.3,94.1,29.9,68.9,3,black
653,74.5,37.2,76.4,55.2,99.2,67.1,2,purple
654,66.7,46.3,60.9,80.1,49.5,67.0,3,black
655,65.4,39.2,50.9,94.2,30.6,66.8,3,black
656,77.1,26.3,74.8,57.8,76.4,66.8,2,purple
657,68.4,43.4,57.1,81.9,33.5,66.3,3,black
658,53.5,86.0,59.3,82.8,42.4,66.2,0,light pink
659,59.7,56.6,71.0,67.2,99.7,66.1,2,purple
660,76.7,27.0,81.4,48.0,81.7,65.9,2,purple
661,61.6,67.3,46.9,90.3,47.2,65.9,0,light pink
662,55.0,34.9,69.2,81.4,59.7,65.8,3,black
663,59.5,83.0,70.1,62.9,69.2,65.7,2,purple
664,56.5,83.0,54.7,80.7,75.8,65.7,2,purple
665,54.0,54.8,67.1,78.4,46.1,65.1,3,black
666,56.9,78.1,64.6,68.9,55.6,64.4,0,light pink
667,54.4,77.8,66.1,69.6,64.0,64.4,2,purple
668,48.0,47.3,64.7,82.4,82.6,64.1,2,purple
669,69.9,31.1,68.9,58.4,100.0,64.0,2,purple
671,50.0,51.0,52.5,92.5,34.4,63.2,3,black
672,54.9,79.2,53.7,73.8,100.0,63.2,2,purple
673,44.5,62.8,64.1,80.2,62.0,62.9,2,purple
674,57.1,31.7,62.6,77.8,52.8,62.9,3,black
675,50.1,71.9,51.7,85.4,38.7,62.5,0,light pink
676,49.5,59.0,39.3,100.0,36.5,62.0,3,black
677,54.6,29.4,55.1,85.2,39.3,61.7,3,black
678,59.9,67.7,75.1,45.1,99.9,61.6,2,purple
679,61.4,61.3,49.0,75.5,40.7,61.4,3,black
680,56.7,36.6,44.4,90.9,38.3,61.3,3,black
681,42.3,77.7,44.5,93.3,34.3,60.7,0,light pink
682,59.2,64.4,43.5,80.6,28.6,60.5,0,light pink
683,43.6,64.4,61.3,77.1,34.2,60.3,0,light pink
684,45.6,57.0,61.3,75.1,49.0,60.1,3,black
685,54.0,74.6,57.9,60.9,95.0,59.8,2,purple
686,52.6,84.8,63.8,56.7,50.5,59.6,0,light pink
687,45.7,90.5,66.9,54.5,99.5,59.4,2,purple
688,52.6,39.6,36.4,94.8,39.4,59.1,3,black
689,42.3,66.9,47.9,81.7,98.0,59.0,2,purple
690,43.8,49.8,61.0,71.6,85.2,58.8,2,purple
691,50.0,84.1,41.6,80.0,38.3,58.8,0,light pink
693,48.0,63.9,45.9,82.9,28.4,58.6,0,light pink
694,46.4,49.1,56.7,71.3,95.9,58.4,2,purple
695,51.8,36.8,56.8,73.8,32.6,58.3,3,black
696,48.3,41.6,39.6,93.5,29.8,58.3,3,black
697,44.0,35.2,47.2,90.3,42.1,58.2,3,black
698,44.9,40.4,51.4,83.9,32.1,57.9,3,black
699,47.0,31.3,53.7,76.9,83.9,57.7,2,purple
701,47.8,66.4,60.6,60.9,70.0,57.5,2,purple
702,50.9,27.9,61.3,69.5,35.8,57.5,3,black
703,46.0,45.9,37.8,92.3,39.6,57.2,3,black
704,41.9,71.9,43.9,83.4,38.4,57.1,0,light pink
706,51.2,61.5,42.4,76.5,49.7,56.8,0,light pink
707,48.6,56.3,63.9,58.2,44.1,56.6,3,black
708,51.5,27.5,40.9,85.0,53.0,56.6,3,black
709,43.2,86.3,43.8,76.6,38.9,56.5,0,light pink
710,42.8,48.3,53.0,77.7,31.1,56.4,3,black
711,41.9,84.5,33.5,88.1,32.8,56.2,0,light pink
712,49.5,68.1,46.2,71.0,41.5,56.2,0,light pink
713,34.9,76.7,39.5,91.1,32.1,56.2,0,light pink
714,34.7,75.1,45.5,79.7,87.3,55.8,2,purple
715,44.1,69.8,51.8,63.8,100.0,55.6,2,purple
716,39.7,85.2,53.2,62.5,99.1,55.5,2,purple
717,35.7,66.4,54.6,71.6,69.7,55.3,2,purple
718,31.3,52.2,43.8,93.0,32.0,55.2,3,black
719,55.9,27.9,43.0,73.5,48.6,55.0,3,black
720,30.5,92.5,27.7,99.0,31.9,54.9,0,light pink
721,48.1,70.1,50.8,62.8,38.3,54.8,0,light pink
722,50.9,67.6,53.9,56.6,50.6,54.7,0,light pink
725,53.7,62.6,63.1,45.1,44.5,54.4,0,light pink
726,47.5,31.5,35.9,87.0,38.6,54.4,3,black
727,48.9,80.9,50.5,58.8,35.3,54.4,0,light pink
728,35.7,53.4,54.3,73.3,41.7,54.0,3,black
729,53.1,60.9,56.5,51.5,32.8,53.7,0,light pink
730,58.0,29.6,56.1,52.0,65.3,53.7,2,purple
731,42.2,73.5,40.4,74.3,39.7,53.6,0,light pink
732,33.0,82.7,44.8,76.2,45.8,53.6,0,light pink
733,37.9,77.4,38.9,79.2,41.8,53.6,0,light pink
734,36.2,95.3,42.5,73.1,32.4,53.5,0,light pink
736,56.4,24.6,65.7,45.5,44.0,53.2,3,black
737,43.3,25.2,41.3,81.0,63.3,53.2,3,black
738,48.8,50.3,55.8,57.0,33.6,53.1,3,black
739,57.7,32.0,55.6,48.9,80.7,53.1,2,purple
740,37.3,69.7,40.2,78.1,44.1,53.0,0,light pink
741,47.5,86.1,49.7,49.1,100.0,52.9,2,purple
742,40.5,47.1,45.1,74.2,58.5,52.9,3,black
743,37.1,89.8,23.2,87.8,64.2,52.8,0,light pink
744,41.5,66.6,48.6,65.8,41.3,52.8,0,light pink
745,48.3,54.9,33.0,72.4,81.1,52.3,2,purple
746,37.7,76.2,40.9,73.2,31.8,52.1,0,light pink
747,33.1,87.0,30.0,85.4,42.7,52.1,0,light pink
748,59.5,23.6,55.7,46.4,69.6,52.0,2,purple
749,38.4,27.4,45.2,79.9,31.8,51.9,3,black
750,37.9,77.0,30.0,76.9,98.7,51.7,2,purple
752,46.3,64.5,38.9,63.4,82.9,51.5,2,purple
753,43.0,77.3,36.0,69.7,42.0,51.5,0,light pink
754,33.2,74.1,38.1,78.1,37.1,51.3,0,light pink
755,45.3,53.9,32.4,73.8,63.1,51.1,3,black
756,29.1,62.8,32.5,90.3,33.5,51.1,0,light pink
757,46.4,47.2,58.3,49.3,45.5,50.9,3,black
759,50.7,39.5,59.8,43.7,49.2,50.5,3,black
760,44.8,69.7,46.7,56.3,38.4,50.5,0,light pink
761,63.0,24.5,65.7,30.2,40.0,50.5,3,black
762,34.0,88.0,40.9,64.2,76.6,50.3,0,light pink
763,38.8,52.8,29.9,82.9,31.6,50.2,3,black
764,44.3,86.3,46.7,52.4,29.1,50.2,0,light pink
765,38.6,64.3,40.5,68.8,34.5,50.0,0,light pink
766,30.0,37.3,41.6,76.6,97.7,49.7,2,purple
768,32.6,46.8,32.2,85.2,40.0,49.5,3,black
769,48.1,36.6,28.0,77.1,30.0,49.4,3,black
771,40.8,61.0,25.9,79.6,28.9,49.2,0,light pink
773,38.7,73.7,37.5,64.8,46.4,49.0,0,light pink
774,40.8,58.1,41.4,63.1,43.0,49.0,0,light pink
776,36.2,32.9,40.2,73.0,66.8,48.9,3,black
777,31.9,84.1,34.3,71.5,48.9,48.8,0,light pink
778,37.3,82.2,43.7,55.9,63.2,48.8,0,light pink
779,29.6,68.9,27.7,85.5,30.7,48.8,0,light pink
780,39.3,72.4,41.1,61.3,35.2,48.8,0,light pink
781,36.6,56.3,26.5,81.8,36.3,48.6,0,light pink
782,37.9,74.4,30.5,72.1,37.4,48.6,0,light pink
783,35.2,64.0,41.8,64.1,53.6,48.5,0,light pink
784,48.3,33.4,50.6,48.6,56.1,48.2,3,black
785,24.9,51.2,22.5,94.3,66.0,48.0,3,black
786,53.9,29.1,42.6,52.9,40.4,48.0,3,black
787,41.3,25.8,22.6,87.1,29.9,48.0,3,black
788,31.1,76.5,31.8,74.9,35.3,47.9,0,light pink
789,35.8,61.5,46.4,55.6,79.7,47.9,2,purple
790,46.2,27.7,39.6,59.7,77.1,47.7,2,purple
791,35.0,88.4,39.9,55.7,60.0,47.3,0,light pink
792,37.5,19.0,22.4,89.1,48.0,47.3,3,black
793,33.8,58.5,35.5,64.8,100.0,47.1,2,purple
794,35.7,30.5,34.3,74.9,44.0,46.9,3,black
795,44.8,55.9,50.2,44.0,40.8,46.9,3,black
797,33.0,83.7,32.5,66.5,34.9,46.7,0,light pink
798,20.2,65.9,33.7,82.7,30.6,46.7,0,light pink
799,46.3,50.7,40.6,52.1,42.4,46.6,3,black
800,33.3,57.6,29.7,73.9,41.4,46.4,0,light pink
801,27.6,83.2,30.5,72.8,29.4,46.2,0,light pink
1002,94.4,65.8,98.2,99.8,91.2,94.9,1,pink
1003,95.3,66.2,98.5,99.1,40.6,93.9,1,pink
1004,89.0,90.2,98.5,95.4,90.3,93.9,1,pink
1005,94.7,68.0,96.8,99.1,61.3,93.8,1,pink
1006,92.9,82.0,89.0,100.0,94.3,93.0,1,pink
1007,89.9,59.6,97.6,99.7,80.5,92.7,1,pink
1008,90.6,86.7,95.3,95.7,52.8,92.3,1,pink
1009,83.2,57.3,97.5,99.3,59.5,89.8,1,pink
1011,84.5,91.8,88.1,90.0,72.3,87.5,1,pink
1012,89.5,57.6,90.5,93.5,38.7,87.4,1,pink
1015,77.6,96.7,88.2,85.0,78.8,84.5,1,pink
1016,75.7,59.3,85.1,95.0,100.0,83.7,1,pink
1017,79.8,40.6,81.2,95.0,45.2,81.0,1,pink
1018,73.9,50.0,73.0,96.7,100.0,79.3,1,pink
1019,70.0,49.5,86.2,90.8,53.5,79.2,1,pink
1020,72.1,55.6,83.8,90.8,35.8,79.1,1,pink
1021,73.6,70.0,81.5,84.5,45.8,78.3,1,pink
1022,70.5,90.2,77.5,84.1,46.8,77.6,1,pink
1023,70.2,34.4,76.0,97.1,61.9,77.1,1,pink
1024,84.7,29.6,88.0,69.8,56.7,76.4,1,pink
1025,63.1,58.1,77.4,93.9,52.5,76.0,1,pink
1026,65.6,43.2,69.2,95.6,43.1,73.4,1,pink
1027,68.0,94.3,77.8,66.4,64.3,72.4,1,pink
1028,64.7,42.4,69.0,91.3,59.6,72.2,1,pink
1029,59.4,67.8,68.6,87.9,71.3,71.6,1,pink
1031,69.8,32.3,67.7,87.2,51.2,71.1,1,pink
1032,59.9,84.2,67.9,83.7,43.1,70.8,1,pink
1033,65.2,81.7,74.2,69.2,43.6,69.8,1,pink
1034,47.8,61.8,58.2,99.4,86.7,68.4,2,purple
1035,57.1,81.3,64.2,80.2,65.1,68.2,1,pink
1036,61.5,77.8,68.1,74.5,40.8,68.1,1,pink
1037,58.1,73.2,67.7,76.0,68.7,67.8,1,pink
1038,52.9,98.2,48.3,95.9,49.2,67.7,0,light pink
1039,56.2,86.0,56.8,87.6,38.3,67.6,0,light pink
1040,56.6,81.5,56.9,87.6,42.5,67.5,0,light pink
1041,65.4,41.8,58.4,87.9,29.9,67.4,3,black
1042,52.0,35.6,63.0,96.7,48.4,67.4,3,black
1044,61.6,80.3,69.9,61.5,56.9,65.3,1,pink
1045,76.4,29.4,79.2,47.3,86.0,65.2,2,purple
1046,72.3,60.6,58.1,62.8,99.9,65.0,2,purple
1048,57.6,35.0,55.3,90.2,39.1,64.5,3,black
1049,51.8,91.4,65.1,71.2,44.8,64.4,0,light pink
1050,55.3,33.7,65.9,79.4,60.0,64.2,3,black
1051,56.5,44.2,46.1,95.3,31.1,63.5,3,black
1052,66.8,42.6,65.9,59.9,99.9,63.5,2,purple
1053,55.4,37.7,52.0,91.3,33.5,63.2,3,black
1054,69.5,27.5,69.5,58.2,78.7,63.2,2,purple
1055,55.5,53.7,56.4,81.2,51.3,63.2,3,black
1056,55.4,56.3,54.1,83.3,41.4,63.1,3,black
1057,65.6,34.3,60.0,67.0,100.0,62.9,2,purple
1058,52.4,77.0,59.7,72.3,58.5,62.5,0,light pink
1059,54.5,80.9,52.2,77.3,40.8,62.3,0,light pink
1060,58.3,48.1,52.9,79.4,47.7,62.0,3,black
1061,54.2,33.8,49.0,85.7,100.0,61.7,2,purple
1062,48.6,58.6,59.9,72.9,99.9,61.3,2,purple
1064,43.4,79.7,58.0,73.3,61.0,59.9,0,light pink
1065,45.1,51.5,48.8,89.6,41.2,59.9,3,black
1066,44.1,67.7,35.5,99.9,35.2,59.8,0,light pink
1067,54.6,67.1,37.1,87.0,44.7,59.8,0,light pink
1068,41.9,58.5,53.2,84.2,49.8,59.4,3,black
1069,57.8,61.3,44.8,76.0,42.1,59.2,3,black
1070,55.8,74.2,67.3,47.2,100.0,59.1,2,purple
1071,58.7,43.4,43.2,81.2,34.6,59.0,3,black
1072,46.3,86.1,40.5,82.3,74.0,59.0,0,light pink
1073,47.4,84.8,55.4,66.6,66.3,58.8,0,light pink
1074,37.8,66.6,53.3,81.2,56.0,58.1,0,light pink
1075,39.1,91.1,41.0,81.4,98.5,57.7,2,purple
1076,36.3,49.2,54.7,82.0,85.6,57.7,2,purple
1077,37.7,91.0,54.3,67.5,100.0,57.2,2,purple
1078,43.1,78.3,44.3,74.1,100.0,56.8,2,purple
1079,48.6,29.4,45.4,84.4,39.4,56.7,3,black
1080,39.6,75.0,41.2,84.9,38.0,56.3,0,light pink
1081,38.3,76.8,38.3,88.2,35.3,56.1,0,light pink
1082,50.4,42.4,31.6,90.8,43.2,56.1,3,black
1083,46.7,43.4,32.1,93.9,39.1,56.1,3,black
1084,50.0,52.6,49.1,71.5,32.0,55.9,3,black
1085,38.3,58.3,54.1,75.0,50.2,55.9,3,black
1086,41.0,49.5,48.9,74.9,94.6,55.5,2,purple
1087,43.8,58.7,58.0,64.8,34.4,55.3,3,black
1088,48.2,63.1,35.2,80.7,50.1,55.2,0,light pink
1090,46.8,28.6,38.7,86.5,51.0,55.0,3,black
1091,41.2,47.5,34.7,91.8,31.2,54.7,3,black
1092,42.5,78.3,48.9,65.4,67.0,54.6,0,light pink
1093,35.3,68.0,42.7,79.4,86.9,54.5,2,purple
1094,37.1,36.4,40.8,89.7,44.9,54.1,3,black
1096,42.8,50.7,29.9,89.7,41.4,53.6,3,black
1097,50.2,65.5,26.7,82.3,34.4,53.5,0,light pink
1099,33.1,89.1,47.1,65.8,98.2,52.9,2,purple
1100,36.0,53.0,48.6,71.1,87.6,52.9,2,purple
1101,35.5,51.3,46.5,77.8,30.7,52.6,3,black
1102,31.7,73.6,33.2,89.4,33.3,52.6,0,light pink
1103,30.4,92.6,21.2,97.5,33.1,52.5,0,light pink
1104,43.4,31.4,50.1,70.4,35.4,52.4,3,black
1105,28.6,53.4,41.4,88.7,31.5,52.4,3,black
1106,39.4,38.0,44.4,74.6,82.3,52.4,2,purple
1107,37.3,68.7,47.9,63.6,100.0,52.3,2,purple
1108,45.7,75.6,42.9,59.3,90.9,52.3,2,purple
1109,39.0,42.4,37.2,84.4,32.1,52.2,3,black
1110,45.5,66.9,54.7,52.4,46.4,52.0,0,light pink
1111,44.6,70.1,47.8,59.3,46.8,52.0,0,light pink
1112,38.9,57.8,49.7,66.4,40.5,51.9,3,black
1113,40.6,71.6,38.1,72.4,42.7,51.8,0,light pink
1114,49.7,30.2,33.9,77.5,49.4,51.8,3,black
1115,35.9,62.0,32.1,86.3,28.8,51.7,0,light pink
1116,31.0,88.0,29.2,87.0,37.7,51.7,0,light pink
1117,38.8,83.5,50.1,58.0,52.6,51.7,0,light pink
1118,45.0,86.2,41.6,55.6,100.0,51.6,2,purple
1119,38.9,77.4,26.9,78.7,98.7,51.6,2,purple
1120,34.5,73.7,36.6,79.2,40.8,51.6,0,light pink
1121,36.9,88.8,32.2,77.3,40.3,51.6,0,light pink
1122,29.5,80.1,32.2,86.3,31.3,51.2,0,light pink
1123,38.0,85.5,29.8,78.1,39.2,51.2,0,light pink
1124,30.1,67.4,48.6,72.0,33.5,51.1,0,light pink
1125,31.4,96.7,33.9,77.2,38.3,51.0,0,light pink
1126,52.4,32.1,51.4,52.0,67.5,50.8,2,purple
1127,38.5,32.7,34.5,83.6,42.3,50.5,3,black
1128,26.3,77.2,31.0,84.6,85.6,50.5,2,purple
1130,40.4,55.5,31.3,76.0,73.9,50.3,2,purple
1131,33.1,85.9,25.2,85.4,30.8,50.3,0,light pink
1132,29.7,58.6,46.1,73.1,42.5,50.2,0,light pink
1134,27.3,84.5,39.7,74.5,52.7,50.1,0,light pink
1135,40.7,33.1,38.9,74.6,52.0,50.1,3,black
1136,26.3,54.4,26.4,96.2,49.4,50.0,3,black
1138,34.8,81.2,32.6,75.4,32.2,49.7,0,light pink
1139,30.7,67.2,46.4,65.8,67.5,49.6,0,light pink
1140,22.7,47.3,27.2,97.1,74.8,49.5,3,black
1141,34.9,68.5,38.2,71.3,42.1,49.5,0,light pink
1142,39.8,82.9,42.4,58.7,34.6,49.4,0,light pink
1143,47.1,27.3,58.3,47.8,47.1,49.2,3,black
1144,39.4,25.5,36.1,76.6,61.3,49.1,3,black
1145,52.5,27.6,47.6,50.4,71.2,49.0,2,purple
1146,33.1,49.2,38.8,74.1,59.8,49.0,3,black
1147,33.8,28.6,35.9,83.6,31.4,48.9,3,black
1148,33.2,79.1,31.4,75.4,38.6,48.9,0,light pink
1149,25.9,62.2,25.8,91.8,37.6,48.7,0,light pink
1150,29.2,76.7,32.8,78.3,37.2,48.7,0,light pink
1151,51.8,29.3,48.1,47.3,85.9,48.5,2,purple
1152,33.9,76.0,32.0,73.1,43.0,48.5,0,light pink
1153,40.1,55.9,28.4,71.8,86.6,48.4,2,purple
1154,42.8,72.2,39.6,57.5,36.7,48.3,0,light pink
1155,39.0,61.9,33.6,64.8,83.0,48.0,2,purple
1156,39.1,57.1,27.6,75.6,36.1,47.8,0,light pink
1157,37.1,63.3,35.2,67.7,30.0,47.5,0,light pink
1158,38.9,78.5,31.4,64.3,45.1,47.4,0,light pink
1159,38.4,70.3,36.3,62.3,39.2,47.4,0,light pink
1160,43.0,46.8,50.2,48.6,47.5,47.2,3,black
1161,51.9,43.6,25.6,62.3,71.9,47.0,2,purple
1162,27.1,79.6,29.0,77.0,33.1,46.7,0,light pink
1164,32.5,81.6,32.9,66.9,33.7,46.7,0,light pink
1165,28.8,50.6,24.3,86.5,36.8,46.6,3,black
1166,27.0,51.7,27.1,85.2,37.3,46.6,3,black
1167,34.5,61.1,33.2,64.1,100.0,46.6,2,purple
1168,26.7,88.0,33.5,67.0,74.5,46.6,0,light pink
1169,34.6,88.6,34.7,58.0,63.3,46.4,0,light pink
1170,31.1,75.0,31.2,70.3,37.7,46.3,0,light pink
1171,32.7,65.5,43.8,54.3,81.8,46.2,2,purple
1172,35.8,89.5,36.1,57.4,29.3,46.2,0,light pink
1173,30.1,63.4,35.3,67.5,57.8,46.1,0,light pink
1175,27.0,37.1,35.5,73.6,98.1,46.0,2,purple
1176,27.2,72.3,24.0,81.7,29.5,46.0,0,light pink
1177,40.2,55.4,39.3,56.2,39.4,45.9,3,black
1179,24.0,67.0,19.1,90.2,29.1,45.8,0,light pink
1180,32.5,57.8,22.9,80.3,32.3,45.8,0,light pink
1181,36.1,23.7,21.8,85.1,38.8,45.7,3,black
1182,30.7,35.6,35.5,71.5,65.6,45.6,3,black
1184,35.6,38.8,32.4,71.5,28.2,45.5,3,black
1185,34.5,48.5,19.8,82.0,34.5,45.4,3,black
1187,32.4,70.3,33.0,65.4,32.5,45.3,0,light pink
1188,36.5,62.4,34.8,60.6,41.6,45.3,0,light pink
1189,27.9,83.6,26.8,71.3,45.1,45.2,0,light pink
1190,25.5,46.8,28.6,81.2,44.4,45.2,3,black
1191,44.5,35.0,47.0,44.2,70.1,45.1,2,purple
1192,42.8,52.9,37.0,54.3,33.3,45.0,3,black
1193,45.5,43.3,34.9,56.2,31.1,45.0,3,black
1194,41.6,58.7,22.5,62.7,99.1,44.9,2,purple
1195,45.6,36.0,26.3,65.9,30.0,44.8,3,black
1196,36.0,70.6,34.1,58.7,34.4,44.8,0,light pink
1197,22.5,65.7,21.4,84.9,46.5,44.7,0,light pink
1198,15.9,61.5,14.5,99.0,44.7,44.6,0,light pink
1199,29.7,76.3,28.3,68.1,36.9,44.5,0,light pink
1200,20.5,49.8,22.8,88.2,45.9,44.3,3,black
1201,39.9,43.3,48.3,44.8,44.7,44.3,3,black
1402,92.2,67.0,98.1,99.7,89.1,94.3,1,pink
1403,92.9,67.6,98.6,98.9,44.0,93.3,1,pink
1404,88.6,90.7,97.7,95.5,72.9,93.2,1,pink
1405,91.5,69.0,96.7,99.1,63.1,92.9,1,pink
1406,89.7,87.8,95.6,95.2,51.1,92.0,1,pink
1407,89.1,84.3,88.2,100.0,95.7,91.9,1,pink
1408,86.6,61.2,94.7,99.6,82.7,90.9,1,pink
1409,84.2,58.5,96.7,99.1,44.8,89.5,1,pink
1410,84.6,92.7,88.3,89.4,72.7,87.5,1,pink
1411,88.5,59.8,90.8,94.0,42.0,87.5,1,pink
1412,83.9,65.2,89.9,97.3,36.8,87.1,1,pink
1414,78.2,96.6,90.2,83.5,73.2,84.6,1,pink
1416,75.6,59.7,84.2,93.6,100.0,83.0,1,pink
1417,79.0,43.8,82.0,94.4,43.0,81.0,1,pink
1418,77.0,49.8,86.5,88.9,55.7,80.9,1,pink
1419,73.5,50.5,75.2,96.6,100.0,79.9,1,pink
1420,71.6,59.0,83.8,91.5,33.7,79.4,1,pink
1421,74.4,71.2,85.1,83.0,46.1,79.3,1,pink
1422,72.7,36.7,78.9,96.9,77.0,79.2,1,pink
1423,70.4,90.6,80.4,85.1,46.2,78.7,1,pink
1424,81.4,32.4,85.1,74.7,51.2,76.1,1,pink
1425,61.6,59.3,74.9,92.0,53.0,74.3,1,pink
1426,72.0,94.9,78.1,66.0,53.4,73.3,1,pink
1427,64.5,47.9,68.9,95.0,44.7,73.2,1,pink
1428,62.5,68.9,71.2,85.8,72.3,72.8,1,pink
1429,64.3,33.1,72.0,91.5,58.1,72.3,1,pink
1430,65.1,56.4,69.1,83.0,100.0,71.9,2,purple
1431,67.7,43.9,79.0,77.8,51.7,71.9,1,pink
1432,67.7,33.6,71.3,87.7,53.3,71.9,1,pink
1433,60.5,84.8,69.0,85.3,40.1,71.8,1,pink
1434,60.4,81.3,70.9,80.6,61.2,71.2,1,pink
1435,65.4,87.4,74.2,71.3,40.6,70.9,1,pink
1436,54.7,98.8,56.9,95.0,61.9,70.9,0,light pink
1437,58.9,84.3,62.9,88.3,41.2,70.4,1,pink
1438,49.4,64.3,61.4,99.2,87.1,70.0,2,purple
1439,68.3,41.2,62.4,89.5,30.2,69.9,3,black
1440,63.3,79.0,69.9,76.0,38.6,69.6,1,pink
1441,55.6,87.0,62.3,88.3,39.0,69.4,0,light pink
1442,52.0,37.0,66.6,96.4,54.2,68.6,3,black
1444,62.1,81.9,72.6,65.1,56.0,67.5,1,pink
1445,57.1,60.6,68.0,76.8,65.5,66.8,1,pink
1446,53.7,91.3,70.9,71.1,38.9,66.5,0,light pink
1448,57.9,35.3,58.6,91.0,40.5,65.9,3,black
1449,70.0,53.7,61.9,63.7,100.0,65.2,2,purple
1450,64.1,44.6,68.3,65.0,99.7,65.1,2,purple
1451,75.5,30.3,77.1,48.7,86.3,64.8,2,purple
1452,51.8,77.8,66.8,72.9,57.6,64.7,0,light pink
1453,63.5,34.9,63.2,71.4,100.0,64.5,2,purple
1454,58.1,82.0,58.7,74.3,39.4,64.5,0,light pink
1455,55.5,37.0,54.2,92.0,32.7,64.1,3,black
1456,53.0,62.3,63.6,71.8,99.9,63.7,2,purple
1457,54.4,52.9,59.7,80.4,55.4,63.7,3,black
1458,56.4,47.8,46.7,94.4,30.3,63.6,3,black
1459,54.6,37.4,64.8,76.0,60.4,62.9,3,black
1460,70.4,29.0,68.4,57.0,73.3,62.8,2,purple
1461,52.8,83.6,60.8,69.0,67.3,62.7,2,purple
1462,43.9,92.5,55.9,75.9,100.0,62.2,2,purple
1463,50.5,94.5,47.1,79.9,76.8,62.2,0,light pink
1464,48.2,50.1,46.0,96.4,40.1,61.9,3,black
1465,45.0,59.5,58.2,82.3,47.3,61.3,3,black
1466,45.8,80.4,58.4,74.2,66.2,61.2,0,light pink
1467,52.7,36.0,49.3,84.4,100.0,61.1,2,purple
1468,46.9,53.9,48.0,92.3,32.8,61.0,3,black
1469,54.0,51.5,51.1,80.4,46.8,60.7,3,black
1470,41.7,70.8,37.1,99.9,34.6,59.8,0,light pink
1471,52.6,63.1,45.4,81.4,41.6,59.6,0,light pink
1472,55.5,77.9,71.4,42.6,100.0,59.2,2,purple
1473,39.8,66.2,53.7,82.3,54.4,59.1,0,light pink
1474,44.3,78.7,46.8,77.5,100.0,59.0,2,purple
1475,43.7,76.6,44.7,85.1,42.1,58.9,0,light pink
1476,41.2,91.2,41.1,81.4,97.7,58.4,2,purple
1477,55.2,42.7,44.6,81.3,34.4,58.4,3,black
1478,42.0,60.5,55.4,76.6,56.7,58.2,3,black
1479,48.7,81.9,36.2,84.8,39.4,58.1,0,light pink
1480,38.2,52.9,54.8,80.0,84.1,58.0,2,purple
1481,51.9,55.7,52.6,71.9,31.9,57.9,3,black
1482,49.4,56.6,58.0,67.6,33.5,57.6,3,black
1483,51.1,55.0,49.4,74.0,31.7,57.3,3,black
1484,37.2,80.4,40.7,88.9,34.8,56.9,0,light pink
1485,43.7,79.6,54.4,65.7,73.4,56.9,2,purple
1486,45.5,38.7,36.9,92.0,55.2,56.6,3,black
1487,44.9,38.8,51.4,74.0,99.6,56.5,2,purple
1489,43.6,51.1,33.9,92.9,58.7,56.4,3,black
1490,39.5,56.1,41.7,89.5,40.0,56.4,3,black
1491,42.5,49.1,51.6,73.8,85.3,56.2,2,purple
1492,44.8,40.3,49.1,78.7,52.8,56.1,3,black
1493,45.2,32.2,46.3,84.4,38.5,56.1,3,black
1494,49.0,42.9,32.4,89.5,42.3,55.5,3,black
1495,38.1,69.4,43.2,78.8,85.0,55.3,2,purple
1496,37.0,78.8,40.5,83.7,39.9,55.3,0,light pink
1497,46.0,28.3,38.2,87.7,59.4,55.2,3,black
1499,30.1,53.2,45.0,90.9,32.4,54.6,3,black
1500,45.6,64.0,37.4,78.8,49.0,54.6,0,light pink
1501,40.2,57.5,53.0,70.9,39.6,54.6,3,black
1502,32.4,89.7,48.1,70.1,96.1,54.3,2,purple
1504,47.3,64.7,30.0,83.3,33.4,53.9,0,light pink
1505,37.5,49.7,48.1,79.0,31.5,53.9,3,black
1506,41.1,85.7,45.8,68.2,35.6,53.9,0,light pink
1507,40.2,86.9,33.1,81.4,40.1,53.9,0,light pink
1508,32.4,88.6,32.9,88.9,37.1,53.8,0,light pink
1509,34.5,96.8,37.2,78.2,65.1,53.8,0,light pink
1510,30.6,54.6,31.9,100.0,33.8,53.7,3,black
1511,41.1,83.5,51.9,61.1,47.8,53.7,0,light pink
1512,35.7,90.5,35.9,81.4,39.8,53.6,0,light pink
1513,31.9,83.6,30.4,92.8,31.2,53.6,0,light pink
1514,43.8,76.7,44.4,62.9,91.8,53.4,2,purple
1515,41.5,53.0,44.7,74.0,54.7,53.4,3,black
1516,32.2,75.0,33.8,90.5,32.2,53.4,0,light pink
1518,36.9,56.1,50.8,68.1,88.9,53.1,2,purple
1519,29.1,94.4,22.4,98.9,32.8,53.0,0,light pink
1520,32.6,70.1,48.5,74.9,32.6,52.9,0,light pink
1521,37.3,62.7,33.1,87.7,28.9,52.8,0,light pink
1522,39.9,79.7,28.2,79.6,98.6,52.7,2,purple
1523,41.9,55.5,29.2,87.7,36.4,52.7,3,black
1524,40.0,74.8,39.1,74.3,43.8,52.7,0,light pink
1525,43.8,73.4,47.1,61.8,51.8,52.6,0,light pink
1526,26.8,76.7,35.3,86.6,88.0,52.6,2,purple
1527,32.4,54.6,29.1,95.9,46.5,52.5,3,black
1528,45.7,84.0,44.8,55.1,100.0,52.5,2,purple
1530,43.9,64.0,53.5,57.8,42.8,52.4,0,light pink
1531,48.7,31.8,35.9,76.9,49.8,52.1,3,black
1532,35.4,84.7,36.1,78.0,34.1,52.0,0,light pink
1533,42.0,80.7,36.9,70.1,47.4,51.9,0,light pink
1534,36.5,44.8,39.1,83.6,33.2,51.9,3,black
1535,35.2,82.4,34.1,79.7,38.9,51.9,0,light pink
1536,39.8,44.7,42.0,70.8,99.5,51.6,2,purple
1537,29.4,85.1,39.9,76.5,50.9,51.4,0,light pink
1538,35.5,50.6,43.2,74.9,60.0,51.4,3,black
1539,39.4,83.9,30.3,77.6,30.6,51.2,0,light pink
1540,28.5,54.1,27.6,96.8,47.7,51.1,3,black
1541,30.5,61.6,46.7,73.9,42.8,51.0,0,light pink
1542,26.1,52.6,26.7,97.1,79.4,50.9,2,purple
1543,46.2,49.1,51.9,55.1,49.6,50.9,3,black
1544,53.5,37.0,52.9,48.1,69.4,50.9,2,purple
1545,38.3,69.0,47.1,57.3,99.9,50.5,2,purple
1546,40.5,34.3,45.3,71.0,35.2,50.5,3,black
1547,39.4,67.6,39.1,69.3,39.4,50.4,0,light pink
1548,25.8,54.7,29.1,95.3,43.9,50.3,3,black
1549,48.1,35.8,50.2,51.7,98.5,50.2,2,purple
1550,42.8,75.8,39.8,62.7,36.0,50.2,0,light pink
1552,29.4,61.6,27.5,91.5,39.5,50.1,0,light pink
1553,38.3,33.1,35.4,80.4,49.1,50.0,3,black
1554,30.9,66.3,47.5,66.5,59.8,49.9,0,light pink
1555,32.0,79.8,32.7,78.0,35.8,49.7,0,light pink
1556,48.8,27.5,57.3,47.7,43.8,49.3,3,black
1557,39.0,56.8,29.9,75.0,69.8,49.2,2,purple
1558,51.3,29.1,48.0,51.1,73.6,49.1,2,purple
1559,31.3,79.5,33.2,76.2,40.0,49.1,0,light pink
1560,36.3,87.3,38.1,62.2,63.3,49.1,0,light pink
1561,34.0,71.8,34.4,73.5,44.4,49.0,0,light pink
1562,38.1,64.4,33.8,73.0,29.3,49.0,0,light pink
1563,38.8,27.5,36.5,75.0,58.1,48.6,3,black
1564,38.0,56.7,28.1,74.0,81.4,48.3,2,purple
1565,33.8,79.3,40.4,61.1,65.3,48.2,0,light pink
1566,30.2,37.3,36.9,79.7,51.1,48.1,3,black
1567,40.5,60.1,34.9,62.9,82.7,48.1,2,purple
1568,25.1,63.2,28.3,88.3,35.9,48.1,0,light pink
1569,49.7,29.7,47.3,49.6,76.8,48.1,2,purple
1571,34.6,61.0,33.6,67.7,100.0,47.9,2,purple
1572,39.9,70.6,35.8,62.7,39.6,47.8,0,light pink
1573,37.9,59.7,34.9,67.7,46.1,47.8,0,light pink
1574,51.1,43.3,28.2,62.2,80.0,47.7,2,purple
1575,21.6,70.1,30.6,86.7,31.6,47.7,0,light pink
1576,28.6,87.3,33.4,68.4,74.2,47.5,0,light pink
1577,41.9,31.7,33.5,71.0,49.3,47.5,3,black
1578,32.4,41.2,24.4,87.1,40.6,47.3,3,black
1579,38.0,57.3,29.3,73.0,31.3,47.1,0,light pink
1580,28.0,84.1,30.2,74.3,42.1,47.1,0,light pink
1581,25.6,67.4,19.7,92.2,29.1,47.0,0,light pink
1582,29.0,40.6,36.3,73.1,99.3,47.0,2,purple
1583,35.7,29.5,37.5,73.1,32.6,46.9,3,black
1584,26.0,44.6,27.1,88.5,42.9,46.9,3,black
1585,35.2,91.0,39.7,56.3,29.4,46.9,0,light pink
1586,36.4,54.7,21.9,81.3,34.0,46.8,3,black
1587,36.1,60.3,35.2,66.3,36.6,46.7,0,light pink
1589,32.8,60.5,24.4,80.4,31.3,46.6,0,light pink
1590,43.5,46.1,51.1,45.5,42.6,46.6,3,black
1591,37.9,63.2,34.7,62.9,45.9,46.6,0,light pink
1592,40.1,57.0,39.8,57.5,39.6,46.5,0,light pink
1593,31.0,71.3,32.9,68.6,49.8,46.3,0,light pink
1594,45.6,37.4,34.0,61.0,49.4,46.2,3,black
1595,36.4,40.6,30.9,72.0,54.4,46.2,3,black
1597,55.9,60.4,42.1,33.8,78.5,46.0,2,purple
1598,23.1,55.8,27.3,86.4,32.4,46.0,0,light pink
1599,25.2,76.5,22.6,83.7,29.2,45.9,0,light pink
1600,29.8,83.9,31.6,67.1,34.8,45.7,0,light pink
1601,19.7,63.0,13.1,99.2,53.7,45.6,0,light pink
1602,44.6,39.9,25.1,70.0,29.3,45.6,3,black
1803,95.6,64.0,97.6,99.8,97.8,95.2,1,pink
1804,86.5,94.4,98.9,98.8,73.1,94.2,1,pink
1805,92.5,76.3,96.2,99.9,63.3,93.9,1,pink
1806,88.2,91.5,96.7,97.0,55.0,92.8,1,pink
1807,89.4,84.0,88.6,99.7,95.4,92.0,1,pink
1808,83.6,77.2,99.0,99.8,45.2,91.6,1,pink
1809,85.1,78.5,91.9,99.3,52.1,90.1,1,pink
1810,83.3,96.0,88.5,96.7,53.7,89.1,1,pink
1811,77.0,97.9,95.0,91.1,80.0,88.3,1,pink
1812,85.7,65.0,88.9,99.2,36.6,87.9,1,pink
1813,77.6,70.0,90.4,98.2,100.0,87.6,1,pink
1814,86.5,64.3,87.8,97.2,43.3,87.4,1,pink
1815,80.4,61.9,91.1,99.7,47.9,87.2,1,pink
1816,78.1,94.4,91.0,94.2,40.5,87.1,1,pink
1818,80.8,56.4,88.6,98.5,47.9,85.8,1,pink
1819,82.0,49.5,86.9,98.6,47.9,85.2,1,pink
1820,77.9,63.9,86.1,97.2,33.7,84.0,1,pink
1821,75.9,77.8,89.3,90.9,49.1,83.9,1,pink
1822,76.0,56.5,78.0,99.0,100.0,82.7,1,pink
1823,76.8,53.7,85.2,94.4,56.3,82.4,1,pink
1824,67.4,57.1,88.8,99.1,57.5,82.3,1,pink
1825,69.8,93.6,80.6,94.3,32.2,81.3,1,pink
1826,68.6,89.8,77.2,96.3,36.1,80.3,1,pink
1827,69.8,53.9,78.4,96.5,81.2,79.5,1,pink
1828,71.7,96.2,84.5,79.4,49.8,79.2,1,pink
1829,64.5,93.8,75.8,93.8,40.1,78.2,1,pink
1830,60.6,73.1,81.1,92.2,75.8,77.5,1,pink
1831,70.5,62.8,77.4,85.7,100.0,77.3,1,pink
1832,74.7,49.3,72.3,95.3,30.4,77.2,1,pink
1833,61.3,98.6,67.5,94.6,65.4,76.1,1,pink
1834,67.1,51.2,70.0,98.6,43.1,75.6,1,pink
1835,62.0,87.1,75.5,86.6,64.6,75.4,1,pink
1836,60.2,90.5,73.2,91.5,42.6,75.3,1,pink
1837,59.9,68.6,76.9,87.3,100.0,74.8,2,purple
1838,64.5,45.8,81.2,86.8,52.8,74.5,1,pink
1839,68.8,62.8,69.6,88.2,68.2,74.4,1,pink
1840,66.1,85.5,72.1,78.9,40.3,72.6,1,pink
1841,56.9,42.9,69.8,98.7,56.7,72.2,1,pink
1842,52.6,61.5,66.0,99.2,90.4,72.2,2,purple
1843,57.8,71.5,72.7,86.0,73.7,72.1,1,pink
1844,77.8,49.2,72.4,69.1,100.0,72.0,2,purple
1845,81.4,30.3,83.0,60.9,50.8,71.1,1,pink
1846,60.1,58.4,72.7,84.3,57.3,71.0,1,pink
1847,64.6,99.5,72.8,70.1,53.7,71.0,1,pink
1848,59.3,31.7,69.7,92.2,63.1,70.3,1,pink
1849,73.3,39.5,83.0,58.8,100.0,70.0,2,purple
1850,52.6,70.3,66.9,87.8,100.0,70.0,2,purple
1851,63.7,62.6,77.0,73.6,36.1,69.9,1,pink
1852,65.1,33.0,68.2,86.6,48.5,69.7,3,black
1853,62.8,57.8,55.7,96.4,31.4,69.6,3,black
1854,54.7,93.3,77.3,72.3,48.0,69.5,1,pink
1855,61.0,63.8,66.0,80.1,99.2,69.4,2,purple
1856,70.6,85.5,47.7,87.1,37.1,69.0,0,light pink
1857,48.4,94.6,61.3,85.6,99.9,68.2,2,purple
1858,58.4,87.0,66.0,77.3,42.0,68.1,0,light pink
1859,54.3,84.4,68.1,77.5,72.4,68.1,1,pink
1860,52.2,66.5,64.7,87.4,62.8,67.8,1,pink
1861,49.4,80.5,66.1,82.6,68.1,67.2,1,pink
1862,49.2,89.3,62.8,82.4,76.7,67.0,2,purple
1863,54.3,44.9,55.6,99.2,33.5,67.0,3,black
1864,48.1,55.8,64.3,88.1,89.1,66.6,2,purple
1865,58.0,39.0,54.5,95.9,39.4,66.4,3,black
1866,57.8,51.0,49.5,97.7,30.3,66.1,3,black
1867,55.0,84.0,73.8,61.5,100.0,65.9,2,purple
1868,53.5,35.3,61.0,88.0,98.5,65.9,2,purple
1869,50.5,64.3,63.1,85.2,49.8,65.7,3,black
1870,49.3,56.3,58.9,93.0,38.0,65.5,3,black
1871,47.6,82.4,51.6,91.2,40.0,64.3,0,light pink
1872,47.9,86.4,51.9,87.7,34.4,63.6,0,light pink
1873,37.2,76.1,55.2,95.6,54.6,63.5,0,light pink
1874,57.9,69.2,72.2,60.2,35.1,63.2,0,light pink
1875,48.1,87.6,58.5,73.3,79.7,62.5,2,purple
1876,43.3,63.9,56.9,84.0,92.4,62.4,2,purple
1877,50.4,40.8,61.9,80.5,56.2,62.3,3,black
1878,41.6,85.8,48.3,92.3,31.6,61.9,0,light pink
1879,48.4,51.8,60.4,82.1,31.6,61.9,3,black
1880,47.0,58.2,59.8,79.3,59.2,61.7,3,black
1881,50.6,33.9,50.3,92.3,39.3,61.5,3,black
1882,47.4,90.3,53.1,78.2,37.7,61.3,0,light pink
1883,44.1,59.6,61.0,80.9,39.5,61.2,3,black
1884,49.8,83.3,42.7,86.2,45.0,61.0,0,light pink
1885,40.7,89.5,53.9,82.1,50.0,61.0,0,light pink
1886,47.4,60.3,51.1,80.5,100.0,60.7,2,purple
1887,66.5,30.9,70.5,50.0,85.4,60.5,2,purple
1888,49.7,92.3,47.3,78.8,30.6,60.4,0,light pink
1889,47.8,29.1,44.2,95.7,63.2,60.1,3,black
1890,70.6,26.1,69.3,46.6,79.0,59.9,2,purple
1891,37.5,95.5,47.7,82.7,95.4,59.9,2,purple
1892,48.3,51.0,37.1,96.7,48.9,59.7,3,black
1893,39.7,74.1,53.6,81.3,70.4,59.7,2,purple
1894,51.6,53.0,46.6,83.2,53.1,59.7,3,black
1895,39.4,87.3,40.0,94.3,31.9,59.5,0,light pink
1897,54.4,52.7,39.3,82.5,80.7,58.8,2,purple
1898,39.8,76.1,44.8,84.9,88.0,58.8,2,purple
1899,42.4,81.9,48.8,80.1,43.4,58.6,0,light pink
1900,34.1,93.5,41.3,93.3,36.8,58.5,0,light pink
1901,49.3,56.4,54.5,72.7,31.8,58.0,3,black
1902,47.3,56.4,52.6,76.8,32.2,58.0,3,black
1903,39.5,94.7,33.1,88.3,99.9,57.9,2,purple
1904,53.5,92.8,44.6,64.7,82.3,57.9,2,purple
1905,37.9,66.6,35.1,99.7,41.7,57.9,0,light pink
1906,50.7,38.3,35.8,93.3,40.8,57.8,3,black
1907,49.5,90.4,31.5,85.4,44.0,57.8,0,light pink
1908,36.9,76.8,50.7,79.8,68.3,57.7,0,light pink
1909,39.9,59.2,41.8,91.6,48.9,57.7,3,black
1910,34.5,64.6,47.7,86.9,85.3,57.7,2,purple
1911,47.6,47.6,48.1,81.7,33.7,57.6,3,black
1912,33.4,92.6,46.1,83.6,64.5,57.5,0,light pink
1913,49.4,54.1,56.3,63.2,98.1,57.2,2,purple
1914,39.8,88.4,43.6,82.0,37.5,57.2,0,light pink
1915,54.2,46.3,53.1,67.2,52.0,57.1,3,black
1916,46.3,84.2,45.5,69.6,92.6,57.0,2,purple
1917,52.8,74.1,32.7,82.9,37.4,57.0,0,light pink
1919,49.1,33.7,47.1,76.7,100.0,56.9,2,purple
1920,45.0,43.5,42.1,88.2,32.3,56.7,3,black
1921,42.1,54.2,54.5,71.2,88.3,56.6,2,purple
1922,39.4,82.0,41.8,82.7,34.7,56.2,0,light pink
1923,40.0,83.7,42.5,76.6,82.9,56.1,2,purple
1924,34.9,80.2,38.7,85.6,92.7,56.1,2,purple
1926,51.7,47.0,39.7,75.2,99.4,56.0,2,purple
1927,43.9,34.7,55.7,75.4,35.9,56.0,3,black
1928,40.3,46.3,44.1,85.6,58.2,55.9,3,black
1929,34.3,60.9,48.5,84.9,39.2,55.9,0,light pink
1930,39.7,36.6,37.6,96.4,35.7,55.8,3,black
1931,45.2,49.4,33.3,90.1,60.7,55.8,3,black
1932,35.1,92.7,33.2,91.2,34.4,55.7,0,light pink
1933,34.0,87.0,41.4,85.3,33.6,55.6,0,light pink
1934,34.9,98.5,40.5,78.5,72.4,55.4,0,light pink
1935,41.9,83.5,46.3,73.1,31.1,55.4,0,light pink
1936,46.1,40.5,33.2,92.0,34.1,55.3,3,black
1937,43.7,77.4,39.0,79.2,36.7,55.3,0,light pink
1938,43.3,68.2,44.7,75.5,38.3,55.1,0,light pink
1939,34.1,48.5,51.2,82.5,31.1,54.8,3,black
1940,46.4,80.7,48.1,63.6,47.4,54.7,0,light pink
1941,41.5,81.1,48.5,68.4,37.5,54.5,0,light pink
1942,37.7,56.7,47.5,73.8,99.5,54.5,2,purple
1943,33.4,88.3,37.2,86.1,30.6,54.4,0,light pink
1944,40.2,48.9,36.3,88.1,52.2,54.3,3,black
1945,40.8,92.6,50.5,63.6,30.2,54.2,0,light pink
1946,40.3,80.6,39.0,77.5,39.8,54.1,0,light pink
1947,31.1,45.6,34.2,99.9,36.1,53.9,3,black
1948,30.9,89.2,45.6,76.2,56.0,53.9,0,light pink
1949,40.3,50.3,40.0,83.8,34.9,53.8,3,black
1950,38.8,43.4,37.5,87.3,37.9,53.3,3,black
1951,43.3,33.9,40.5,75.9,100.0,53.0,2,purple
1952,32.8,85.1,43.2,72.4,79.3,52.9,2,purple
1953,31.9,83.5,28.7,92.7,28.5,52.9,0,light pink
1954,34.1,80.1,45.6,68.8,91.2,52.9,2,purple
1955,51.4,36.7,53.5,53.8,97.5,52.8,2,purple
1956,28.4,54.9,37.1,90.7,60.1,52.5,3,black
1957,39.0,84.4,44.3,63.9,78.1,52.4,2,purple
1958,42.2,53.1,38.0,75.0,68.5,52.3,2,purple
1959,32.8,85.4,30.9,85.9,36.6,52.2,0,light pink
1960,41.4,47.7,45.8,66.1,99.7,52.1,2,purple
1961,39.7,55.8,27.9,89.0,37.0,52.1,3,black
1962,41.9,90.5,30.8,75.8,28.0,52.0,0,light pink
1963,75.4,57.8,66.7,8.6,95.7,51.9,2,purple
1964,41.7,64.0,22.3,90.1,35.5,51.9,0,light pink
1965,38.7,38.6,41.8,79.5,32.4,51.7,3,black
1966,32.9,63.3,28.0,90.7,37.2,51.2,0,light pink
1967,39.3,85.1,37.3,69.9,34.2,51.2,0,light pink
1969,27.5,59.5,33.3,91.2,42.5,51.1,0,light pink
1970,32.1,86.6,27.8,86.0,31.7,51.1,0,light pink
1971,54.1,27.7,58.0,47.3,49.6,51.1,3,black
1972,37.3,85.1,29.9,77.8,50.0,51.1,0,light pink
1973,38.7,74.2,40.6,68.4,51.0,51.1,0,light pink
1974,29.7,91.4,31.4,82.6,43.1,51.0,0,light pink
1975,31.4,90.5,39.5,69.8,78.0,51.0,0,light pink
1976,38.5,49.2,37.4,78.9,31.1,50.9,3,black
1977,38.5,58.3,46.7,61.9,92.4,50.8,2,purple
1978,34.3,71.3,41.0,70.7,57.3,50.6,0,light pink
1979,35.0,86.3,38.5,70.8,33.5,50.6,0,light pink
1980,45.8,55.6,41.4,64.6,31.9,50.5,3,black
1981,35.4,74.4,43.9,66.5,39.5,50.3,0,light pink
1982,28.5,58.3,39.8,81.8,30.3,50.2,0,light pink
1983,42.5,45.2,23.2,84.5,71.2,50.2,3,black
1984,32.5,70.0,31.5,82.4,36.2,50.1,0,light pink
1985,30.9,78.1,31.6,82.0,34.6,50.1,0,light pink
1986,35.6,30.1,35.3,83.7,57.4,50.1,3,black
1987,28.3,47.0,25.7,97.3,38.6,49.9,3,black
1988,25.6,78.5,26.9,90.2,49.5,49.9,0,light pink
1989,34.6,50.9,35.8,79.1,47.9,49.9,3,black
1990,38.7,64.2,29.0,79.8,28.8,49.8,0,light pink
1991,32.4,31.9,38.1,84.6,32.0,49.7,3,black
1992,31.6,64.8,40.8,71.7,60.3,49.6,0,light pink
1993,34.1,60.0,29.3,83.3,46.8,49.6,0,light pink
1994,35.2,58.2,23.9,86.4,58.4,49.5,0,light pink
1995,25.0,99.8,26.7,84.8,38.1,49.4,0,light pink
1996,49.4,47.8,52.4,47.1,46.4,49.4,3,black
1997,37.3,61.1,22.2,83.8,68.4,49.3,0,light pink
1998,30.9,84.3,27.5,81.5,34.7,49.2,0,light pink
1999,25.6,69.5,18.1,100.0,37.7,49.2,0,light pink
2000,30.8,55.9,27.4,87.7,47.1,49.1,3,black
2001,30.5,64.9,22.9,91.0,29.0,48.9,0,light pink
2002,34.1,93.4,33.3,68.9,35.7,48.8,0,light pink
